id,source_id,name,company,stage_id,technology,facility_type,city,state,country_code,latitude,longitude,status,measure_type,measure_value,measure_unit,measure_period,source_url,limitation
aderis-energy-cornelius-north-carolina,doe_pv_mfg_map_20260615,Aderis Energy,Aderis Energy,electrical,shared,E-BOS: interconnection hardware,Cornelius,North Carolina,USA,35.458971,-80.854601,active,nameplate-capacity,,,2026-06-15,https://www.energy.gov/cmei/systems/articles/us-domestic-solar-photovoltaic-manufacturing-map-data,DOE reports 500 MWdc/yr; this product is not sized against other facilities in the stage.
alencon-systems-hatboro-pennsylvania,doe_pv_mfg_map_20260615,Alencon Systems,Alencon Systems,inverters,shared,Inverters: optimizers,Hatboro,Pennsylvania,USA,40.173554,-75.101258,active,nameplate-capacity,,,2026-06-15,https://www.energy.gov/cmei/systems/articles/us-domestic-solar-photovoltaic-manufacturing-map-data,DOE reports 750 MWdc/yr; this product is not sized against other facilities in the stage.
allearth-renewables-williston-vermont,doe_pv_mfg_map_20260615,AllEarth Renewables,AllEarth Renewables,structures,shared,S-BOS: trackers,Williston,Vermont,USA,44.449593,-73.119907,active,nameplate-capacity,,,2026-06-15,https://www.energy.gov/cmei/systems/articles/us-domestic-solar-photovoltaic-manufacturing-map-data,DOE reports 0 MWdc/yr; this product is not sized against other facilities in the stage.
alpha-steel-sealy-texas,doe_pv_mfg_map_20260615,Alpha Steel,Alpha Steel,structures,shared,S-BOS: tracker components,Sealy,Texas,USA,29.762858,-96.220353,active,nameplate-capacity,,,2026-06-15,https://www.energy.gov/cmei/systems/articles/us-domestic-solar-photovoltaic-manufacturing-map-data,DOE reports 0 MWdc/yr; this product is not sized against other facilities in the stage.
am-tec-designs-north-scandia-minnesota,doe_pv_mfg_map_20260615,Am-Tec Designs,Am-Tec Designs,structures,shared,S-BOS: racking,North Scandia,Minnesota,USA,45.25394,-92.801822,active,nameplate-capacity,,,2026-06-15,https://www.energy.gov/cmei/systems/articles/us-domestic-solar-photovoltaic-manufacturing-map-data,DOE reports 0 MWdc/yr; this product is not sized against other facilities in the stage.
american-panel-solutions-tolleson-arizona,doe_pv_mfg_map_20260615,American Panel Solutions,American Panel Solutions,modules,c-si,Modules: c-Si,Tolleson,Arizona,USA,33.429172,-112.271546,active,nameplate-capacity,2,GWdc/year,2026-06-15,https://www.energy.gov/cmei/systems/articles/us-domestic-solar-photovoltaic-manufacturing-map-data,"DOE-reported annual nameplate capacity; not observed production, utilization, or domestic market supply."
american-steel-and-aluminum-auburn-massachusetts,doe_pv_mfg_map_20260615,American Steel and Aluminum,American Steel and Aluminum,structures,shared,S-BOS: ground screws,Auburn,Massachusetts,USA,42.188226,-71.82452,active,nameplate-capacity,,,2026-06-15,https://www.energy.gov/cmei/systems/articles/us-domestic-solar-photovoltaic-manufacturing-map-data,DOE reports 0 MWdc/yr; this product is not sized against other facilities in the stage.
american-steel-and-aluminum-liverpool-new-york,doe_pv_mfg_map_20260615,American Steel and Aluminum,American Steel and Aluminum,structures,shared,S-BOS: ground screws,Liverpool,New York,USA,43.118561,-76.197999,active,nameplate-capacity,,,2026-06-15,https://www.energy.gov/cmei/systems/articles/us-domestic-solar-photovoltaic-manufacturing-map-data,DOE reports 0 MWdc/yr; this product is not sized against other facilities in the stage.
amphenol-mesa-arizona,doe_pv_mfg_map_20260615,Amphenol,Amphenol,modules,shared,Components: junction boxes,Mesa,Arizona,USA,33.382847,-111.816696,active,nameplate-capacity,,,2026-06-15,https://www.energy.gov/cmei/systems/articles/us-domestic-solar-photovoltaic-manufacturing-map-data,DOE reports 4800 MWdc/yr; this product is not sized against other facilities in the stage.
array-technologies-albuquerque-new-mexico,doe_pv_mfg_map_20260615,Array Technologies,Array Technologies,structures,shared,S-BOS: trackers,Albuquerque,New Mexico,USA,35.149885,-106.598831,active,nameplate-capacity,6,GWdc/year,2026-06-15,https://www.energy.gov/cmei/systems/articles/us-domestic-solar-photovoltaic-manufacturing-map-data,"DOE-reported annual nameplate capacity; not observed production, utilization, or domestic market supply."
array-technologies-formerly-apa-solar-racking-napoleon-ohio,doe_pv_mfg_map_20260615,Array Technologies (formerly APA Solar Racking),Array Technologies (formerly APA Solar Racking),structures,shared,S-BOS: racking,Napoleon,Ohio,USA,41.441208,-84.246813,active,nameplate-capacity,,,2026-06-15,https://www.energy.gov/cmei/systems/articles/us-domestic-solar-photovoltaic-manufacturing-map-data,DOE reports 0 MWdc/yr; this product is not sized against other facilities in the stage.
asteelflash-usi-fremont-california,doe_pv_mfg_map_20260615,Asteelflash/USI,Asteelflash/USI,structures,shared,E-BOS: tracker components,Fremont,California,USA,37.4938,-121.951567,active,nameplate-capacity,,,2026-06-15,https://www.energy.gov/cmei/systems/articles/us-domestic-solar-photovoltaic-manufacturing-map-data,DOE reports 0 MWdc/yr; this product is not sized against other facilities in the stage.
atkore-phoenix-arizona,doe_pv_mfg_map_20260615,Atkore,Atkore,structures,shared,S-BOS: tracker components,Phoenix,Arizona,USA,33.476992,-112.114477,active,nameplate-capacity,,,2026-06-15,https://www.energy.gov/cmei/systems/articles/us-domestic-solar-photovoltaic-manufacturing-map-data,DOE reports 0 MWdc/yr; this product is not sized against other facilities in the stage.
auxin-solar-san-jose-california,doe_pv_mfg_map_20260615,Auxin Solar,Auxin Solar,modules,c-si,Modules: c-Si,San Jose,California,USA,37.231363,-121.779201,active,nameplate-capacity,0.15,GWdc/year,2026-06-15,https://www.energy.gov/cmei/systems/articles/us-domestic-solar-photovoltaic-manufacturing-map-data,"DOE-reported annual nameplate capacity; not observed production, utilization, or domestic market supply."
bci-steel-leetsdale-pennsylvania,doe_pv_mfg_map_20260615,BCI Steel,BCI Steel,structures,shared,S-BOS: tracker components,Leetsdale,Pennsylvania,USA,40.565264,-80.214877,active,nameplate-capacity,,,2026-06-15,https://www.energy.gov/cmei/systems/articles/us-domestic-solar-photovoltaic-manufacturing-map-data,DOE reports 0 MWdc/yr; this product is not sized against other facilities in the stage.
bentek-corporation-san-jose-california,doe_pv_mfg_map_20260615,Bentek Corporation,Bentek Corporation,electrical,shared,E-BOS: combiner boxes,San Jose,California,USA,37.312485,-121.854304,active,nameplate-capacity,,,2026-06-15,https://www.energy.gov/cmei/systems/articles/us-domestic-solar-photovoltaic-manufacturing-map-data,DOE reports 5000 MWdc/yr; this product is not sized against other facilities in the stage.
bila-solar-indianapolis-indiana,doe_pv_mfg_map_20260615,Bila Solar,Bila Solar,modules,c-si,Modules: c-Si,Indianapolis,Indiana,USA,39.750803,-86.172318,active,nameplate-capacity,0.5,GWdc/year,2026-06-15,https://www.energy.gov/cmei/systems/articles/us-domestic-solar-photovoltaic-manufacturing-map-data,"DOE-reported annual nameplate capacity; not observed production, utilization, or domestic market supply."
boviet-solar-greenville-north-carolina,doe_pv_mfg_map_20260615,Boviet Solar,Boviet Solar,modules,c-si,Modules: c-Si,Greenville,North Carolina,USA,35.654723,-77.346925,active,nameplate-capacity,3,GWdc/year,2026-06-15,https://www.energy.gov/cmei/systems/articles/us-domestic-solar-photovoltaic-manufacturing-map-data,"DOE-reported annual nameplate capacity; not observed production, utilization, or domestic market supply."
cab-solar-ebensburg-pennsylvania,doe_pv_mfg_map_20260615,CAB Solar,CAB Solar,electrical,shared,E-BOS: cable management,Ebensburg,Pennsylvania,USA,40.464945,-78.755945,active,nameplate-capacity,,,2026-06-15,https://www.energy.gov/cmei/systems/articles/us-domestic-solar-photovoltaic-manufacturing-map-data,DOE reports 0 MWdc/yr; this product is not sized against other facilities in the stage.
cab-solar-johnstown-pennsylvania,doe_pv_mfg_map_20260615,CAB Solar,CAB Solar,electrical,shared,E-BOS: cable management,Johnstown,Pennsylvania,USA,40.303617,-78.911372,active,nameplate-capacity,,,2026-06-15,https://www.energy.gov/cmei/systems/articles/us-domestic-solar-photovoltaic-manufacturing-map-data,DOE reports 0 MWdc/yr; this product is not sized against other facilities in the stage.
canadian-solar-jeffersonville-indiana,doe_pv_mfg_map_20260615,Canadian Solar,Canadian Solar,cells,c-si,Cells: HJT,Jeffersonville,Indiana,USA,38.382676,-85.662426,active,nameplate-capacity,6.3,GWdc/year,2026-06-15,https://www.energy.gov/cmei/systems/articles/us-domestic-solar-photovoltaic-manufacturing-map-data,"DOE-reported annual nameplate capacity; not observed production, utilization, or domestic market supply."
canadian-solar-mesquite-texas,doe_pv_mfg_map_20260615,Canadian Solar,Canadian Solar,modules,c-si,Modules: c-Si,Mesquite,Texas,USA,32.779555,-96.644164,active,nameplate-capacity,5,GWdc/year,2026-06-15,https://www.energy.gov/cmei/systems/articles/us-domestic-solar-photovoltaic-manufacturing-map-data,"DOE-reported annual nameplate capacity; not observed production, utilization, or domestic market supply."
cep-sma-solar-north-little-rock-arkansas,doe_pv_mfg_map_20260615,CEP (SMA Solar),CEP (SMA Solar),electrical,shared,E-BOS: medium-voltage power stations,North Little Rock,Arkansas,USA,34.785247,-92.143301,active,nameplate-capacity,,,2026-06-15,https://www.energy.gov/cmei/systems/articles/us-domestic-solar-photovoltaic-manufacturing-map-data,DOE reports 0 MWdc/yr; this product is not sized against other facilities in the stage.
cherp-inc-pomona-california,doe_pv_mfg_map_20260615,CHERP Inc.,CHERP Inc.,modules,c-si,Modules: c-Si,Pomona,California,USA,34.06205,-117.721872,active,nameplate-capacity,0.015,GWdc/year,2026-06-15,https://www.energy.gov/cmei/systems/articles/us-domestic-solar-photovoltaic-manufacturing-map-data,"DOE-reported annual nameplate capacity; not observed production, utilization, or domestic market supply."
corning-hemlock-michigan,doe_pv_mfg_map_20260615,Corning,Corning,wafers,c-si,Wafers: wafers,Hemlock,Michigan,USA,43.436504,-84.17063,active,nameplate-capacity,2.5,GWdc/year,2026-06-15,https://www.energy.gov/cmei/systems/articles/us-domestic-solar-photovoltaic-manufacturing-map-data,"DOE-reported annual nameplate capacity; not observed production, utilization, or domestic market supply."
crossroads-solar-south-bend-indiana,doe_pv_mfg_map_20260615,Crossroads Solar,Crossroads Solar,modules,c-si,Modules: c-Si,South Bend,Indiana,USA,41.701001,-86.293706,active,nameplate-capacity,0.05,GWdc/year,2026-06-15,https://www.energy.gov/cmei/systems/articles/us-domestic-solar-photovoltaic-manufacturing-map-data,"DOE-reported annual nameplate capacity; not observed production, utilization, or domestic market supply."
dahlstrom-roll-form-falconer-new-york,doe_pv_mfg_map_20260615,Dahlstrom Roll Form,Dahlstrom Roll Form,structures,shared,S-BOS: tracker components,Falconer,New York,USA,42.114386,-79.195883,active,nameplate-capacity,,,2026-06-15,https://www.energy.gov/cmei/systems/articles/us-domestic-solar-photovoltaic-manufacturing-map-data,DOE reports >1 million components/yr; this product is not sized against other facilities in the stage.
dalsin-industries-bloomington-minnesota,doe_pv_mfg_map_20260615,Dalsin Industries,Dalsin Industries,structures,shared,S-BOS: racking,Bloomington,Minnesota,USA,44.838233,-93.284457,active,nameplate-capacity,,,2026-06-15,https://www.energy.gov/cmei/systems/articles/us-domestic-solar-photovoltaic-manufacturing-map-data,DOE reports 0 MWdc/yr; this product is not sized against other facilities in the stage.
dc-alabama-montgomery-alabama,doe_pv_mfg_map_20260615,DC Alabama,DC Alabama,silicon,c-si,Silicon: silicon metal,Montgomery,Alabama,USA,32.39455,-86.072261,active,nameplate-capacity,42000,tonnes/year,2026-06-15,https://www.energy.gov/cmei/systems/articles/us-domestic-solar-photovoltaic-manufacturing-map-data,"DOE-reported annual nameplate capacity; not observed production, utilization, or domestic market supply."
dow-elizabethtown-kentucky,doe_pv_mfg_map_20260615,Dow,Dow,modules,shared,Components: sealants,Elizabethtown,Kentucky,USA,37.666924,-85.835224,active,nameplate-capacity,,,2026-06-15,https://www.energy.gov/cmei/systems/articles/us-domestic-solar-photovoltaic-manufacturing-map-data,DOE reports 0 MWdc/yr; this product is not sized against other facilities in the stage.
dupont-photovoltaics-solutions-wilmington-delaware,doe_pv_mfg_map_20260615,Dupont Photovoltaics Solutions,Dupont Photovoltaics Solutions,modules,shared,Components: backsheets,Wilmington,Delaware,USA,39.752105,-75.603205,active,nameplate-capacity,,,2026-06-15,https://www.energy.gov/cmei/systems/articles/us-domestic-solar-photovoltaic-manufacturing-map-data,DOE reports 0 MWdc/yr; this product is not sized against other facilities in the stage.
endurans-solar-nashua-new-hampshire,doe_pv_mfg_map_20260615,Endurans Solar,Endurans Solar,modules,shared,Components: backsheets,Nashua,New Hampshire,USA,42.709542,-71.439372,active,nameplate-capacity,,,2026-06-15,https://www.energy.gov/cmei/systems/articles/us-domestic-solar-photovoltaic-manufacturing-map-data,DOE reports 0 MWdc/yr; this product is not sized against other facilities in the stage.
epc-power-corp-poway-california,doe_pv_mfg_map_20260615,EPC Power Corp,EPC Power Corp,inverters,shared,Inverters: multiple inverter types,Poway,California,USA,32.937317,-117.042511,active,nameplate-capacity,2,GWac/year,2026-06-15,https://www.energy.gov/cmei/systems/articles/us-domestic-solar-photovoltaic-manufacturing-map-data,"DOE-reported annual nameplate capacity; not observed production, utilization, or domestic market supply."
epc-power-corp-simpsonville-south-carolina,doe_pv_mfg_map_20260615,EPC Power Corp,EPC Power Corp,inverters,shared,Inverters: multiple inverter types,Simpsonville,South Carolina,USA,34.75817,-82.280671,active,nameplate-capacity,2,GWac/year,2026-06-15,https://www.energy.gov/cmei/systems/articles/us-domestic-solar-photovoltaic-manufacturing-map-data,"DOE-reported annual nameplate capacity; not observed production, utilization, or domestic market supply."
es-foundry-greenwood-south-carolina,doe_pv_mfg_map_20260615,ES Foundry,ES Foundry,cells,c-si,Cells: PERC,Greenwood,South Carolina,USA,34.241268,-82.064932,active,nameplate-capacity,3,GWdc/year,2026-06-15,https://www.energy.gov/cmei/systems/articles/us-domestic-solar-photovoltaic-manufacturing-map-data,"DOE-reported annual nameplate capacity; not observed production, utilization, or domestic market supply."
extruded-aluminum-corporation-belding-michigan,doe_pv_mfg_map_20260615,Extruded Aluminum Corporation,Extruded Aluminum Corporation,structures,shared,S-BOS: tracker components,Belding,Michigan,USA,43.092378,-85.256222,active,nameplate-capacity,,,2026-06-15,https://www.energy.gov/cmei/systems/articles/us-domestic-solar-photovoltaic-manufacturing-map-data,DOE reports 0 MWdc/yr; this product is not sized against other facilities in the stage.
first-solar-new-iberia-lousiana,doe_pv_mfg_map_20260615,First Solar,First Solar,cdte,cdte,Modules: CdTe,New Iberia,Lousiana,USA,30.023173,-91.868459,active,nameplate-capacity,3.5,GWdc/year,2026-06-15,https://www.energy.gov/cmei/systems/articles/us-domestic-solar-photovoltaic-manufacturing-map-data,"DOE-reported annual nameplate capacity; not observed production, utilization, or domestic market supply."
first-solar-perrysburg-ohio,doe_pv_mfg_map_20260615,First Solar,First Solar,cdte,cdte,Modules: CdTe,Perrysburg,Ohio,USA,41.557131,-83.552986,active,nameplate-capacity,3.8,GWdc/year,2026-06-15,https://www.energy.gov/cmei/systems/articles/us-domestic-solar-photovoltaic-manufacturing-map-data,"DOE-reported annual nameplate capacity; not observed production, utilization, or domestic market supply."
first-solar-trinity-alabama,doe_pv_mfg_map_20260615,First Solar,First Solar,cdte,cdte,Modules: CdTe,Trinity,Alabama,USA,34.607783,-87.124824,active,nameplate-capacity,3.5,GWdc/year,2026-06-15,https://www.energy.gov/cmei/systems/articles/us-domestic-solar-photovoltaic-manufacturing-map-data,"DOE-reported annual nameplate capacity; not observed production, utilization, or domestic market supply."
first-solar-walbridge-ohio,doe_pv_mfg_map_20260615,First Solar,First Solar,cdte,cdte,Modules: CdTe,Walbridge,Ohio,USA,41.560569,-83.525186,active,nameplate-capacity,3.3,GWdc/year,2026-06-15,https://www.energy.gov/cmei/systems/articles/us-domestic-solar-photovoltaic-manufacturing-map-data,"DOE-reported annual nameplate capacity; not observed production, utilization, or domestic market supply."
flex-enphase-west-columbia-south-carolina,doe_pv_mfg_map_20260615,Flex (Enphase),Flex (Enphase),inverters,shared,Inverters: microinverters,West Columbia,South Carolina,USA,33.95314,-81.137379,active,nameplate-capacity,2.4,GWac/year,2026-06-15,https://www.energy.gov/cmei/systems/articles/us-domestic-solar-photovoltaic-manufacturing-map-data,"DOE-reported annual nameplate capacity; not observed production, utilization, or domestic market supply."
flex-solaredge-austin-texas,doe_pv_mfg_map_20260615,Flex (SolarEdge),Flex (SolarEdge),inverters,shared,Inverters: multiple inverter types,Austin,Texas,USA,30.431646,-97.755744,active,nameplate-capacity,,,2026-06-15,https://www.energy.gov/cmei/systems/articles/us-domestic-solar-photovoltaic-manufacturing-map-data,DOE reports 0 MWac/yr; this product is not sized against other facilities in the stage.
gaf-energy-georgetown-texas,doe_pv_mfg_map_20260615,GAF Energy,GAF Energy,modules,c-si,Modules: c-Si,Georgetown,Texas,USA,30.633262,-97.677984,active,nameplate-capacity,0.25,GWdc/year,2026-06-15,https://www.energy.gov/cmei/systems/articles/us-domestic-solar-photovoltaic-manufacturing-map-data,"DOE-reported annual nameplate capacity; not observed production, utilization, or domestic market supply."
globe-metallurgical-selma-alabama,doe_pv_mfg_map_20260615,Globe Metallurgical,Globe Metallurgical,silicon,c-si,Silicon: silicon metal,Selma,Alabama,USA,32.375322,-86.992321,active,nameplate-capacity,24000,tonnes/year,2026-06-15,https://www.energy.gov/cmei/systems/articles/us-domestic-solar-photovoltaic-manufacturing-map-data,"DOE-reported annual nameplate capacity; not observed production, utilization, or domestic market supply."
globe-metallurgical-waterford-ohio,doe_pv_mfg_map_20260615,Globe Metallurgical,Globe Metallurgical,silicon,c-si,Silicon: silicon metal,Waterford,Ohio,USA,39.584092,-81.678729,active,nameplate-capacity,16000,tonnes/year,2026-06-15,https://www.energy.gov/cmei/systems/articles/us-domestic-solar-photovoltaic-manufacturing-map-data,"DOE-reported annual nameplate capacity; not observed production, utilization, or domestic market supply."
h-b-fuller-bellevue-ohio,doe_pv_mfg_map_20260615,H. B. Fuller,H. B. Fuller,modules,shared,Components: encapsulant,Bellevue,Ohio,USA,41.279947,-82.832338,active,nameplate-capacity,,,2026-06-15,https://www.energy.gov/cmei/systems/articles/us-domestic-solar-photovoltaic-manufacturing-map-data,DOE reports 4000 MWdc/yr; this product is not sized against other facilities in the stage.
h-b-fuller-grand-rapids-michigan,doe_pv_mfg_map_20260615,H. B. Fuller,H. B. Fuller,modules,shared,Components: sealants,Grand Rapids,Michigan,USA,43.014725,-85.769006,active,nameplate-capacity,,,2026-06-15,https://www.energy.gov/cmei/systems/articles/us-domestic-solar-photovoltaic-manufacturing-map-data,DOE reports 3000 MWdc/yr; this product is not sized against other facilities in the stage.
h-b-fuller-michigan-center-michigan,doe_pv_mfg_map_20260615,H. B. Fuller,H. B. Fuller,modules,shared,Components: sealants,Michigan Center,Michigan,USA,42.23198,-84.333895,active,nameplate-capacity,,,2026-06-15,https://www.energy.gov/cmei/systems/articles/us-domestic-solar-photovoltaic-manufacturing-map-data,DOE reports 4000 MWdc/yr; this product is not sized against other facilities in the stage.
heliene-mountain-iron-minnesota,doe_pv_mfg_map_20260615,Heliene,Heliene,modules,c-si,Modules: c-Si,Mountain Iron,Minnesota,USA,47.517241,-92.624391,active,nameplate-capacity,0.8,GWdc/year,2026-06-15,https://www.energy.gov/cmei/systems/articles/us-domestic-solar-photovoltaic-manufacturing-map-data,"DOE-reported annual nameplate capacity; not observed production, utilization, or domestic market supply."
heliene-rogers-minnesota,doe_pv_mfg_map_20260615,Heliene,Heliene,modules,c-si,Modules: c-Si,Rogers,Minnesota,USA,45.194471,-93.529225,active,nameplate-capacity,0.5,GWdc/year,2026-06-15,https://www.energy.gov/cmei/systems/articles/us-domestic-solar-photovoltaic-manufacturing-map-data,"DOE-reported annual nameplate capacity; not observed production, utilization, or domestic market supply."
hemlock-semiconductor-hemlock-michigan,doe_pv_mfg_map_20260615,Hemlock Semiconductor,Hemlock Semiconductor,silicon,c-si,Polysilicon: Siemens,Hemlock,Michigan,USA,43.433769,-84.161896,active,nameplate-capacity,32000,tonnes/year,2026-06-15,https://www.energy.gov/cmei/systems/articles/us-domestic-solar-photovoltaic-manufacturing-map-data,"DOE-reported annual nameplate capacity; not observed production, utilization, or domestic market supply."
hightec-solar-michigan-city-indiana,doe_pv_mfg_map_20260615,Hightec Solar,Hightec Solar,modules,c-si,Modules: c-Si,Michigan City,Indiana,USA,41.71067,-86.825166,active,nameplate-capacity,0.1,GWdc/year,2026-06-15,https://www.energy.gov/cmei/systems/articles/us-domestic-solar-photovoltaic-manufacturing-map-data,"DOE-reported annual nameplate capacity; not observed production, utilization, or domestic market supply."
hounen-solar-orangeburg-south-carolina,doe_pv_mfg_map_20260615,Hounen Solar,Hounen Solar,modules,c-si,Modules: c-Si,Orangeburg,South Carolina,USA,33.454633,-80.736017,active,nameplate-capacity,1,GWdc/year,2026-06-15,https://www.energy.gov/cmei/systems/articles/us-domestic-solar-photovoltaic-manufacturing-map-data,"DOE-reported annual nameplate capacity; not observed production, utilization, or domestic market supply."
ice-industries-bowling-green-ohio,doe_pv_mfg_map_20260615,Ice Industries,Ice Industries,modules,shared,Components: frames,Bowling Green,Ohio,USA,41.396471,-83.65491,active,nameplate-capacity,,,2026-06-15,https://www.energy.gov/cmei/systems/articles/us-domestic-solar-photovoltaic-manufacturing-map-data,DOE reports 0 MWdc/yr; this product is not sized against other facilities in the stage.
illuminate-usa-pataskala-ohio,doe_pv_mfg_map_20260615,Illuminate USA,Illuminate USA,modules,c-si,Modules: c-Si,Pataskala,Ohio,USA,39.984887,-82.712204,active,nameplate-capacity,5,GWdc/year,2026-06-15,https://www.energy.gov/cmei/systems/articles/us-domestic-solar-photovoltaic-manufacturing-map-data,"DOE-reported annual nameplate capacity; not observed production, utilization, or domestic market supply."
imperial-star-solar-tomball-texas,doe_pv_mfg_map_20260615,Imperial Star Solar,Imperial Star Solar,modules,c-si,Modules: c-Si,Tomball,Texas,USA,30.049897,-95.629424,active,nameplate-capacity,2,GWdc/year,2026-06-15,https://www.energy.gov/cmei/systems/articles/us-domestic-solar-photovoltaic-manufacturing-map-data,"DOE-reported annual nameplate capacity; not observed production, utilization, or domestic market supply."
ingeteam-milwaukee-wisconsin,doe_pv_mfg_map_20260615,Ingeteam,Ingeteam,inverters,shared,Inverters: multiple inverter types,Milwaukee,Wisconsin,USA,43.026704,-87.959384,active,nameplate-capacity,,,2026-06-15,https://www.energy.gov/cmei/systems/articles/us-domestic-solar-photovoltaic-manufacturing-map-data,DOE reports 0 MWac/yr; this product is not sized against other facilities in the stage.
jabil-solaredge-seminole-florida,doe_pv_mfg_map_20260615,Jabil (SolarEdge),Jabil (SolarEdge),inverters,shared,Inverters: multiple inverter types,Seminole,Florida,USA,27.869195,-82.740227,active,nameplate-capacity,,,2026-06-15,https://www.energy.gov/cmei/systems/articles/us-domestic-solar-photovoltaic-manufacturing-map-data,DOE reports 0 MWac/yr; this product is not sized against other facilities in the stage.
jinkosolar-jacksonville-florida,doe_pv_mfg_map_20260615,JinkoSolar,JinkoSolar,modules,c-si,Modules: c-Si,Jacksonville,Florida,USA,30.274005,-81.887262,active,nameplate-capacity,2,GWdc/year,2026-06-15,https://www.energy.gov/cmei/systems/articles/us-domestic-solar-photovoltaic-manufacturing-map-data,"DOE-reported annual nameplate capacity; not observed production, utilization, or domestic market supply."
jm-steel-sinton-texas,doe_pv_mfg_map_20260615,JM Steel,JM Steel,structures,shared,S-BOS: tracker components,Sinton,Texas,USA,28.06115,-97.488728,active,nameplate-capacity,,,2026-06-15,https://www.energy.gov/cmei/systems/articles/us-domestic-solar-photovoltaic-manufacturing-map-data,DOE reports 0 MWdc/yr; this product is not sized against other facilities in the stage.
kb-racking-ephrata-pennsylvania,doe_pv_mfg_map_20260615,KB Racking,KB Racking,structures,shared,S-BOS: racking,Ephrata,Pennsylvania,USA,40.154542,-76.08656,active,nameplate-capacity,,,2026-06-15,https://www.energy.gov/cmei/systems/articles/us-domestic-solar-photovoltaic-manufacturing-map-data,DOE reports 0 MWdc/yr; this product is not sized against other facilities in the stage.
lindsay-precast-canal-fulton-ohio,doe_pv_mfg_map_20260615,Lindsay Precast,Lindsay Precast,structures,shared,S-BOS: skids,Canal Fulton,Ohio,USA,40.882111,-81.590144,active,nameplate-capacity,10,GWdc/year,2026-06-15,https://www.energy.gov/cmei/systems/articles/us-domestic-solar-photovoltaic-manufacturing-map-data,"DOE-reported annual nameplate capacity; not observed production, utilization, or domestic market supply."
lock-joint-tube-south-bend-indiana,doe_pv_mfg_map_20260615,Lock Joint Tube,Lock Joint Tube,structures,shared,S-BOS: tracker components,South Bend,Indiana,USA,41.630464,-86.256174,active,nameplate-capacity,,,2026-06-15,https://www.energy.gov/cmei/systems/articles/us-domestic-solar-photovoltaic-manufacturing-map-data,DOE reports 0 MWdc/yr; this product is not sized against other facilities in the stage.
lock-joint-tube-temple-texas,doe_pv_mfg_map_20260615,Lock Joint Tube,Lock Joint Tube,structures,shared,S-BOS: tracker components,Temple,Texas,USA,31.137615,-97.353933,active,nameplate-capacity,,,2026-06-15,https://www.energy.gov/cmei/systems/articles/us-domestic-solar-photovoltaic-manufacturing-map-data,DOE reports 0 MWdc/yr; this product is not sized against other facilities in the stage.
merlin-solar-san-jose-california,doe_pv_mfg_map_20260615,Merlin Solar,Merlin Solar,modules,c-si,Modules: c-Si,San Jose,California,USA,37.24783,-121.775149,active,nameplate-capacity,0.005,GWdc/year,2026-06-15,https://www.energy.gov/cmei/systems/articles/us-domestic-solar-photovoltaic-manufacturing-map-data,"DOE-reported annual nameplate capacity; not observed production, utilization, or domestic market supply."
mersen-columbia-tennessee,doe_pv_mfg_map_20260615,Mersen,Mersen,modules,shared,Components: graphite,Columbia,Tennessee,USA,35.641093,-87.054242,active,nameplate-capacity,,,2026-06-15,https://www.energy.gov/cmei/systems/articles/us-domestic-solar-photovoltaic-manufacturing-map-data,DOE reports 0 kt/yr; this product is not sized against other facilities in the stage.
mgm-transformers-vantran-transformers-waco-texas,doe_pv_mfg_map_20260615,MGM Transformers / VanTran Transformers,MGM Transformers / VanTran Transformers,electrical,shared,E-BOS: transformers,Waco,Texas,USA,31.496315,-97.200342,active,nameplate-capacity,,,2026-06-15,https://www.energy.gov/cmei/systems/articles/us-domestic-solar-photovoltaic-manufacturing-map-data,DOE reports 0 MWdc/yr; this product is not sized against other facilities in the stage.
mission-solar-san-antonio-texas,doe_pv_mfg_map_20260615,Mission Solar,Mission Solar,modules,c-si,Modules: c-Si,San Antonio,Texas,USA,29.338014,-98.43911,active,nameplate-capacity,1,GWdc/year,2026-06-15,https://www.energy.gov/cmei/systems/articles/us-domestic-solar-photovoltaic-manufacturing-map-data,"DOE-reported annual nameplate capacity; not observed production, utilization, or domestic market supply."
mississippi-silicon-burnsville-mississippi,doe_pv_mfg_map_20260615,Mississippi Silicon,Mississippi Silicon,silicon,c-si,Silicon: silicon metal,Burnsville,Mississippi,USA,34.803899,-88.323483,active,nameplate-capacity,36000,tonnes/year,2026-06-15,https://www.energy.gov/cmei/systems/articles/us-domestic-solar-photovoltaic-manufacturing-map-data,"DOE-reported annual nameplate capacity; not observed production, utilization, or domestic market supply."
mss-steel-tubes-memphis-tennessee,doe_pv_mfg_map_20260615,MSS Steel Tubes,MSS Steel Tubes,structures,shared,S-BOS: tracker components,Memphis,Tennessee,USA,35.035564,-89.901945,active,nameplate-capacity,,,2026-06-15,https://www.energy.gov/cmei/systems/articles/us-domestic-solar-photovoltaic-manufacturing-map-data,DOE reports 0 MWdc/yr; this product is not sized against other facilities in the stage.
novagard-cleveland-ohio,doe_pv_mfg_map_20260615,Novagard,Novagard,modules,shared,Components: sealants,Cleveland,Ohio,USA,41.52122,-81.657786,active,nameplate-capacity,,,2026-06-15,https://www.energy.gov/cmei/systems/articles/us-domestic-solar-photovoltaic-manufacturing-map-data,DOE reports 0 MWdc/yr; this product is not sized against other facilities in the stage.
nsg-glass-north-america-luckey-ohio,doe_pv_mfg_map_20260615,NSG Glass North America,NSG Glass North America,modules,shared,Components: float glass,Luckey,Ohio,USA,41.468237,-83.45412,active,nameplate-capacity,,,2026-06-15,https://www.energy.gov/cmei/systems/articles/us-domestic-solar-photovoltaic-manufacturing-map-data,DOE reports 5000 MWdc/yr; this product is not sized against other facilities in the stage.
nsg-glass-north-america-rossford-ohio,doe_pv_mfg_map_20260615,NSG Glass North America,NSG Glass North America,modules,shared,Components: solar glass,Rossford,Ohio,USA,41.617347,-83.552205,active,nameplate-capacity,,,2026-06-15,https://www.energy.gov/cmei/systems/articles/us-domestic-solar-photovoltaic-manufacturing-map-data,DOE reports 0 MWdc/yr; this product is not sized against other facilities in the stage.
oldcastle-infrastructure-ravena-new-york,doe_pv_mfg_map_20260615,Oldcastle Infrastructure,Oldcastle Infrastructure,structures,shared,S-BOS: ballast,Ravena,New York,USA,42.522907,-73.849718,active,nameplate-capacity,,,2026-06-15,https://www.energy.gov/cmei/systems/articles/us-domestic-solar-photovoltaic-manufacturing-map-data,DOE reports 0 MWdc/yr; this product is not sized against other facilities in the stage.
omco-solar-madison-alabama,doe_pv_mfg_map_20260615,OMCO Solar,OMCO Solar,structures,shared,S-BOS: racking,Madison,Alabama,USA,34.650633,-86.84405,active,nameplate-capacity,,,2026-06-15,https://www.energy.gov/cmei/systems/articles/us-domestic-solar-photovoltaic-manufacturing-map-data,DOE reports 0 MWdc/yr; this product is not sized against other facilities in the stage.
omco-solar-phoenix-arizona,doe_pv_mfg_map_20260615,OMCO Solar,OMCO Solar,structures,shared,S-BOS: racking,Phoenix,Arizona,USA,33.430403,-112.202635,active,nameplate-capacity,13,GWdc/year,2026-06-15,https://www.energy.gov/cmei/systems/articles/us-domestic-solar-photovoltaic-manufacturing-map-data,"DOE-reported annual nameplate capacity; not observed production, utilization, or domestic market supply."
omco-solar-pierceton-indiana,doe_pv_mfg_map_20260615,OMCO Solar,OMCO Solar,structures,shared,S-BOS: racking,Pierceton,Indiana,USA,41.204879,-85.718562,active,nameplate-capacity,,,2026-06-15,https://www.energy.gov/cmei/systems/articles/us-domestic-solar-photovoltaic-manufacturing-map-data,DOE reports 0 MWdc/yr; this product is not sized against other facilities in the stage.
omco-solar-talladega-alabama,doe_pv_mfg_map_20260615,OMCO Solar,OMCO Solar,structures,shared,S-BOS: racking,Talladega,Alabama,USA,33.459121,-86.089831,active,nameplate-capacity,,,2026-06-15,https://www.energy.gov/cmei/systems/articles/us-domestic-solar-photovoltaic-manufacturing-map-data,DOE reports 0 MWdc/yr; this product is not sized against other facilities in the stage.
omco-solar-warsaw-indiana,doe_pv_mfg_map_20260615,OMCO Solar,OMCO Solar,structures,shared,S-BOS: racking,Warsaw,Indiana,USA,41.27585,-85.867933,active,nameplate-capacity,,,2026-06-15,https://www.energy.gov/cmei/systems/articles/us-domestic-solar-photovoltaic-manufacturing-map-data,DOE reports 0 MWdc/yr; this product is not sized against other facilities in the stage.
omco-solar-wickliffe-ohio,doe_pv_mfg_map_20260615,OMCO Solar,OMCO Solar,structures,shared,S-BOS: racking,Wickliffe,Ohio,USA,41.621985,-81.461628,active,nameplate-capacity,,,2026-06-15,https://www.energy.gov/cmei/systems/articles/us-domestic-solar-photovoltaic-manufacturing-map-data,DOE reports 0 MWdc/yr; this product is not sized against other facilities in the stage.
outback-power-technologies-bellingham-washington,doe_pv_mfg_map_20260615,Outback Power Technologies,Outback Power Technologies,inverters,shared,Inverters: residential inverters,Bellingham,Washington,USA,48.785493,-122.523575,active,nameplate-capacity,,,2026-06-15,https://www.energy.gov/cmei/systems/articles/us-domestic-solar-photovoltaic-manufacturing-map-data,DOE reports 0 MWac/yr; this product is not sized against other facilities in the stage.
preformed-line-products-mayfield-ohio,doe_pv_mfg_map_20260615,Preformed Line Products,Preformed Line Products,structures,shared,S-BOS: racking,Mayfield,Ohio,USA,41.545015,-81.446267,active,nameplate-capacity,,,2026-06-15,https://www.energy.gov/cmei/systems/articles/us-domestic-solar-photovoltaic-manufacturing-map-data,DOE reports 0 MWdc/yr; this product is not sized against other facilities in the stage.
priefert-steel-benton-arkansas,doe_pv_mfg_map_20260615,Priefert Steel,Priefert Steel,modules,shared,Components: frames,Benton,Arkansas,USA,34.551498,-92.600963,active,nameplate-capacity,,,2026-06-15,https://www.energy.gov/cmei/systems/articles/us-domestic-solar-photovoltaic-manufacturing-map-data,DOE reports 0 MWdc/yr; this product is not sized against other facilities in the stage.
priefert-steel-mount-pleasant-texas,doe_pv_mfg_map_20260615,Priefert Steel,Priefert Steel,structures,shared,S-BOS: tracker components,Mount Pleasant,Texas,USA,33.125798,-94.972683,active,nameplate-capacity,,,2026-06-15,https://www.energy.gov/cmei/systems/articles/us-domestic-solar-photovoltaic-manufacturing-map-data,DOE reports 0 MWdc/yr; this product is not sized against other facilities in the stage.
prolec-shreveport-louisiana,doe_pv_mfg_map_20260615,Prolec,Prolec,electrical,shared,E-BOS: transformers,Shreveport,Louisiana,USA,32.440861,-93.90011,active,nameplate-capacity,,,2026-06-15,https://www.energy.gov/cmei/systems/articles/us-domestic-solar-photovoltaic-manufacturing-map-data,DOE reports 11500 units/yr; this product is not sized against other facilities in the stage.
prosolar-oxnard-california,doe_pv_mfg_map_20260615,ProSolar,ProSolar,structures,shared,S-BOS: racking,Oxnard,California,USA,34.185769,-119.160642,active,nameplate-capacity,,,2026-06-15,https://www.energy.gov/cmei/systems/articles/us-domestic-solar-photovoltaic-manufacturing-map-data,DOE reports 0 MWdc/yr; this product is not sized against other facilities in the stage.
pv-hardware-houston-texas,doe_pv_mfg_map_20260615,PV Hardware,PV Hardware,structures,shared,S-BOS: trackers,Houston,Texas,USA,29.582525,-95.439839,active,nameplate-capacity,6,GWdc/year,2026-06-15,https://www.energy.gov/cmei/systems/articles/us-domestic-solar-photovoltaic-manufacturing-map-data,"DOE-reported annual nameplate capacity; not observed production, utilization, or domestic market supply."
pv-hardware-houston-texas-2,doe_pv_mfg_map_20260615,PV Hardware,PV Hardware,structures,shared,S-BOS: trackers,Houston,Texas,USA,29.853942,-95.535487,active,nameplate-capacity,,,2026-06-15,https://www.energy.gov/cmei/systems/articles/us-domestic-solar-photovoltaic-manufacturing-map-data,DOE reports 0 MWdc/yr; this product is not sized against other facilities in the stage.
pv-racking-southampton-pennsylvania,doe_pv_mfg_map_20260615,PV Racking,PV Racking,structures,shared,S-BOS: racking,Southampton,Pennsylvania,USA,40.169277,-75.042405,active,nameplate-capacity,,,2026-06-15,https://www.energy.gov/cmei/systems/articles/us-domestic-solar-photovoltaic-manufacturing-map-data,DOE reports 0 MWdc/yr; this product is not sized against other facilities in the stage.
qcells-cartersville-georgia,doe_pv_mfg_map_20260615,Qcells,Qcells,modules,c-si,Modules: c-Si,Cartersville,Georgia,USA,34.230608,-84.801485,active,nameplate-capacity,3.3,GWdc/year,2026-06-15,https://www.energy.gov/cmei/systems/articles/us-domestic-solar-photovoltaic-manufacturing-map-data,"DOE-reported annual nameplate capacity; not observed production, utilization, or domestic market supply."
qcells-cartersville-georgia-2,doe_pv_mfg_map_20260615,Qcells,Qcells,cells,c-si,Cells: c-Si,Cartersville,Georgia,USA,34.230608,-84.801485,active,nameplate-capacity,3.3,GWdc/year,2026-06-15,https://www.energy.gov/cmei/systems/articles/us-domestic-solar-photovoltaic-manufacturing-map-data,"DOE-reported annual nameplate capacity; not observed production, utilization, or domestic market supply."
qcells-dalton-georgia,doe_pv_mfg_map_20260615,Qcells,Qcells,modules,c-si,Modules: c-Si,Dalton,Georgia,USA,34.665053,-84.986123,active,nameplate-capacity,3.7,GWdc/year,2026-06-15,https://www.energy.gov/cmei/systems/articles/us-domestic-solar-photovoltaic-manufacturing-map-data,"DOE-reported annual nameplate capacity; not observed production, utilization, or domestic market supply."
qcells-dalton-georgia-2,doe_pv_mfg_map_20260615,Qcells,Qcells,modules,c-si,Modules: c-Si,Dalton,Georgia,USA,34.665053,-84.986123,active,nameplate-capacity,1.4,GWdc/year,2026-06-15,https://www.energy.gov/cmei/systems/articles/us-domestic-solar-photovoltaic-manufacturing-map-data,"DOE-reported annual nameplate capacity; not observed production, utilization, or domestic market supply."
quanex-cambridge-ohio,doe_pv_mfg_map_20260615,Quanex,Quanex,modules,shared,Components: sealants,Cambridge,Ohio,USA,40.015834,-81.567997,active,nameplate-capacity,,,2026-06-15,https://www.energy.gov/cmei/systems/articles/us-domestic-solar-photovoltaic-manufacturing-map-data,DOE reports 1500000 L/yr; this product is not sized against other facilities in the stage.
rbi-solar-cincinnati-ohio,doe_pv_mfg_map_20260615,RBI Solar,RBI Solar,structures,shared,S-BOS: racking,Cincinnati,Ohio,USA,39.18023,-84.497825,active,nameplate-capacity,,,2026-06-15,https://www.energy.gov/cmei/systems/articles/us-domestic-solar-photovoltaic-manufacturing-map-data,DOE reports 0 MWdc/yr; this product is not sized against other facilities in the stage.
rec-silicon-butte-montana,doe_pv_mfg_map_20260615,REC Silicon,REC Silicon,modules,shared,Components: silanes,Butte,Montana,USA,45.984975,-112.66901,active,nameplate-capacity,,,2026-06-15,https://www.energy.gov/cmei/systems/articles/us-domestic-solar-photovoltaic-manufacturing-map-data,DOE reports 2 MWdc/yr; this product is not sized against other facilities in the stage.
rec-silicon-moses-lake-washington,doe_pv_mfg_map_20260615,REC Silicon,REC Silicon,modules,shared,Components: silanes,Moses Lake,Washington,USA,47.135806,-119.1996,active,nameplate-capacity,,,2026-06-15,https://www.energy.gov/cmei/systems/articles/us-domestic-solar-photovoltaic-manufacturing-map-data,DOE reports 18 MWdc/yr; this product is not sized against other facilities in the stage.
runergy-huntsville-alabama,doe_pv_mfg_map_20260615,Runergy,Runergy,modules,c-si,Modules: c-Si,Huntsville,Alabama,USA,34.778977,-86.539416,active,nameplate-capacity,2,GWdc/year,2026-06-15,https://www.energy.gov/cmei/systems/articles/us-domestic-solar-photovoltaic-manufacturing-map-data,"DOE-reported annual nameplate capacity; not observed production, utilization, or domestic market supply."
salcomp-enphase-arlington-texas,doe_pv_mfg_map_20260615,Salcomp (Enphase),Salcomp (Enphase),inverters,shared,Inverters: microinverters,Arlington,Texas,USA,32.744548,-97.066454,active,nameplate-capacity,2.4,GWac/year,2026-06-15,https://www.energy.gov/cmei/systems/articles/us-domestic-solar-photovoltaic-manufacturing-map-data,"DOE-reported annual nameplate capacity; not observed production, utilization, or domestic market supply."
seg-solar-houston-texas,doe_pv_mfg_map_20260615,SEG Solar,SEG Solar,modules,c-si,Modules: c-Si,Houston,Texas,USA,29.924365,-95.647282,active,nameplate-capacity,2,GWdc/year,2026-06-15,https://www.energy.gov/cmei/systems/articles/us-domestic-solar-photovoltaic-manufacturing-map-data,"DOE-reported annual nameplate capacity; not observed production, utilization, or domestic market supply."
shoals-technologies-group-muscle-shoals-alabama,doe_pv_mfg_map_20260615,Shoals Technologies Group,Shoals Technologies Group,electrical,shared,E-BOS: combiner boxes,Muscle Shoals,Alabama,USA,34.72319,-87.662869,active,nameplate-capacity,,,2026-06-15,https://www.energy.gov/cmei/systems/articles/us-domestic-solar-photovoltaic-manufacturing-map-data,DOE reports 5250 MWdc/yr; this product is not sized against other facilities in the stage.
shoals-technologies-group-portland-tennessee,doe_pv_mfg_map_20260615,Shoals Technologies Group,Shoals Technologies Group,electrical,shared,E-BOS: combiner boxes,Portland,Tennessee,USA,36.590507,-86.585335,active,nameplate-capacity,,,2026-06-15,https://www.energy.gov/cmei/systems/articles/us-domestic-solar-photovoltaic-manufacturing-map-data,DOE reports 31500 MWdc/yr; this product is not sized against other facilities in the stage.
shoals-technologies-group-portland-tennessee-2,doe_pv_mfg_map_20260615,Shoals Technologies Group,Shoals Technologies Group,electrical,shared,E-BOS: combiner boxes,Portland,Tennessee,USA,36.592531,-86.582528,active,nameplate-capacity,,,2026-06-15,https://www.energy.gov/cmei/systems/articles/us-domestic-solar-photovoltaic-manufacturing-map-data,DOE reports 0 MWdc/yr; this product is not sized against other facilities in the stage.
shoals-technologies-group-poway-california,doe_pv_mfg_map_20260615,Shoals Technologies Group,Shoals Technologies Group,electrical,shared,E-BOS: combiner boxes,Poway,California,USA,32.935206,-117.041076,active,nameplate-capacity,,,2026-06-15,https://www.energy.gov/cmei/systems/articles/us-domestic-solar-photovoltaic-manufacturing-map-data,DOE reports 9750 MWdc/yr; this product is not sized against other facilities in the stage.
siemens-pleasant-prairie-wisconsin,doe_pv_mfg_map_20260615,Siemens,Siemens,inverters,shared,Inverters: utility inverters,Pleasant Prairie,Wisconsin,USA,42.526846,-87.911468,active,nameplate-capacity,0.8,GWac/year,2026-06-15,https://www.energy.gov/cmei/systems/articles/us-domestic-solar-photovoltaic-manufacturing-map-data,"DOE-reported annual nameplate capacity; not observed production, utilization, or domestic market supply."
silfab-solar-bellingham-washington,doe_pv_mfg_map_20260615,Silfab Solar,Silfab Solar,modules,c-si,Modules: c-Si,Bellingham,Washington,USA,48.745125,-122.485464,active,nameplate-capacity,0.4,GWdc/year,2026-06-15,https://www.energy.gov/cmei/systems/articles/us-domestic-solar-photovoltaic-manufacturing-map-data,"DOE-reported annual nameplate capacity; not observed production, utilization, or domestic market supply."
silfab-solar-burlington-washington,doe_pv_mfg_map_20260615,Silfab Solar,Silfab Solar,modules,c-si,Modules: c-Si,Burlington,Washington,USA,48.453057,-122.326069,active,nameplate-capacity,0.4,GWdc/year,2026-06-15,https://www.energy.gov/cmei/systems/articles/us-domestic-solar-photovoltaic-manufacturing-map-data,"DOE-reported annual nameplate capacity; not observed production, utilization, or domestic market supply."
sinotec-solar-city-of-industry-california,doe_pv_mfg_map_20260615,Sinotec Solar,Sinotec Solar,modules,c-si,Modules: c-Si,City of Industry,California,USA,34.001281,-117.934295,active,nameplate-capacity,0.3,GWdc/year,2026-06-15,https://www.energy.gov/cmei/systems/articles/us-domestic-solar-photovoltaic-manufacturing-map-data,"DOE-reported annual nameplate capacity; not observed production, utilization, or domestic market supply."
sirius-pv-elin-energy-brookshire-texas,doe_pv_mfg_map_20260615,Sirius PV (Elin Energy),Sirius PV (Elin Energy),modules,c-si,Modules: c-Si,Brookshire,Texas,USA,29.757898,-95.92714,active,nameplate-capacity,2,GWdc/year,2026-06-15,https://www.energy.gov/cmei/systems/articles/us-domestic-solar-photovoltaic-manufacturing-map-data,"DOE-reported annual nameplate capacity; not observed production, utilization, or domestic market supply."
sol-ark-plano-texas,doe_pv_mfg_map_20260615,Sol-Ark,Sol-Ark,inverters,shared,Inverters: hybrid inverters,Plano,Texas,USA,33.013485,-96.677345,active,nameplate-capacity,,,2026-06-15,https://www.energy.gov/cmei/systems/articles/us-domestic-solar-photovoltaic-manufacturing-map-data,DOE reports 0 MWac/yr; this product is not sized against other facilities in the stage.
solaredge-spanish-springs-nevada,doe_pv_mfg_map_20260615,SolarEdge,SolarEdge,inverters,shared,Inverters: multiple inverter types,Spanish Springs,Nevada,USA,39.68369,-119.708579,active,nameplate-capacity,,,2026-06-15,https://www.energy.gov/cmei/systems/articles/us-domestic-solar-photovoltaic-manufacturing-map-data,DOE reports 0 MWac/yr; this product is not sized against other facilities in the stage.
solarlink-north-las-vegas-nevada,doe_pv_mfg_map_20260615,Solarlink,Solarlink,modules,c-si,Modules: c-Si,North Las Vegas,Nevada,USA,36.216598,-115.131752,active,nameplate-capacity,2,GWdc/year,2026-06-15,https://www.energy.gov/cmei/systems/articles/us-domestic-solar-photovoltaic-manufacturing-map-data,"DOE-reported annual nameplate capacity; not observed production, utilization, or domestic market supply."
solx-energy-aguadilla-puerto-rico,doe_pv_mfg_map_20260615,Solx Energy,Solx Energy,modules,c-si,Modules: c-Si,Aguadilla,Puerto Rico,USA,18.486284,-67.110107,active,nameplate-capacity,0.8,GWdc/year,2026-06-15,https://www.energy.gov/cmei/systems/articles/us-domestic-solar-photovoltaic-manufacturing-map-data,"DOE-reported annual nameplate capacity; not observed production, utilization, or domestic market supply."
staubli-windsor-california,doe_pv_mfg_map_20260615,Stäubli,Stäubli,modules,shared,Components: connectors,Windsor,California,USA,38.548736,-122.813474,active,nameplate-capacity,,,2026-06-15,https://www.energy.gov/cmei/systems/articles/us-domestic-solar-photovoltaic-manufacturing-map-data,DOE reports 0 MWdc/yr; this product is not sized against other facilities in the stage.
staubli-windsor-california-2,doe_pv_mfg_map_20260615,Staubli,Staubli,modules,shared,Components: connectors,Windsor,California,USA,38.548669,-122.81321,active,nameplate-capacity,,,2026-06-15,https://www.energy.gov/cmei/systems/articles/us-domestic-solar-photovoltaic-manufacturing-map-data,DOE reports 0 MWdc/yr; this product is not sized against other facilities in the stage.
steel-dynamics-butler-indiana,doe_pv_mfg_map_20260615,Steel Dynamics,Steel Dynamics,structures,shared,S-BOS: tracker components,Butler,Indiana,USA,41.371988,-84.921911,active,nameplate-capacity,,,2026-06-15,https://www.energy.gov/cmei/systems/articles/us-domestic-solar-photovoltaic-manufacturing-map-data,DOE reports 0 MWdc/yr; this product is not sized against other facilities in the stage.
stewart-glass-logan-ohio,doe_pv_mfg_map_20260615,Stewart Glass,Stewart Glass,modules,shared,Components: solar glass,Logan,Ohio,USA,39.5542437,-82.3933752,active,nameplate-capacity,,,2026-06-15,https://www.energy.gov/cmei/systems/articles/us-domestic-solar-photovoltaic-manufacturing-map-data,DOE reports 1500 MWdc/yr; this product is not sized against other facilities in the stage.
suniva-norcross-georgia,doe_pv_mfg_map_20260615,Suniva,Suniva,cells,c-si,Cells: PERC,Norcross,Georgia,USA,33.955676,-84.221815,active,nameplate-capacity,1,GWdc/year,2026-06-15,https://www.energy.gov/cmei/systems/articles/us-domestic-solar-photovoltaic-manufacturing-map-data,"DOE-reported annual nameplate capacity; not observed production, utilization, or domestic market supply."
sunspark-usa-solarmax-technology-riverside-california,doe_pv_mfg_map_20260615,Sunspark USA/SolarMax Technology,Sunspark USA/SolarMax Technology,modules,c-si,Modules: c-Si,Riverside,California,USA,33.973759,-117.369818,active,nameplate-capacity,0.25,GWdc/year,2026-06-15,https://www.energy.gov/cmei/systems/articles/us-domestic-solar-photovoltaic-manufacturing-map-data,"DOE-reported annual nameplate capacity; not observed production, utilization, or domestic market supply."
suntegra-binghamton-new-york,doe_pv_mfg_map_20260615,SunTegra,SunTegra,modules,c-si,Modules: c-Si,Binghamton,New York,USA,42.105368,-75.820801,active,nameplate-capacity,0.01,GWdc/year,2026-06-15,https://www.energy.gov/cmei/systems/articles/us-domestic-solar-photovoltaic-manufacturing-map-data,"DOE-reported annual nameplate capacity; not observed production, utilization, or domestic market supply."
t1-energy-wilmer-texas,doe_pv_mfg_map_20260615,T1 Energy,T1 Energy,modules,c-si,Modules: c-Si,Wilmer,Texas,USA,32.601531,-96.703736,active,nameplate-capacity,5,GWdc/year,2026-06-15,https://www.energy.gov/cmei/systems/articles/us-domestic-solar-photovoltaic-manufacturing-map-data,"DOE-reported annual nameplate capacity; not observed production, utilization, or domestic market supply."
tamarack-willits-california,doe_pv_mfg_map_20260615,Tamarack,Tamarack,structures,shared,S-BOS: racking,Willits,California,USA,39.397285,-123.344519,active,nameplate-capacity,,,2026-06-15,https://www.energy.gov/cmei/systems/articles/us-domestic-solar-photovoltaic-manufacturing-map-data,DOE reports 0 MWdc/yr; this product is not sized against other facilities in the stage.
terrasmart-cincinnati-ohio,doe_pv_mfg_map_20260615,Terrasmart,Terrasmart,structures,shared,S-BOS: ground screws,Cincinnati,Ohio,USA,39.186159,-84.473884,active,nameplate-capacity,0.5,GWdc/year,2026-06-15,https://www.energy.gov/cmei/systems/articles/us-domestic-solar-photovoltaic-manufacturing-map-data,"DOE-reported annual nameplate capacity; not observed production, utilization, or domestic market supply."
terrasmart-walker-michigan,doe_pv_mfg_map_20260615,Terrasmart,Terrasmart,electrical,shared,E-BOS: combiner boxes,Walker,Michigan,USA,43.024115,-85.734969,active,nameplate-capacity,,,2026-06-15,https://www.energy.gov/cmei/systems/articles/us-domestic-solar-photovoltaic-manufacturing-map-data,DOE reports 0 MWdc/yr; this product is not sized against other facilities in the stage.
tesla-buffalo-new-york,doe_pv_mfg_map_20260615,Tesla,Tesla,modules,c-si,Modules: c-Si,Buffalo,New York,USA,42.860537,-78.841349,active,nameplate-capacity,,,2026-06-15,https://www.energy.gov/cmei/systems/articles/us-domestic-solar-photovoltaic-manufacturing-map-data,DOE reports 0 MWdc/yr; this product is not sized against other facilities in the stage.
tmeic-brookshire-texas,doe_pv_mfg_map_20260615,TMEIC,TMEIC,inverters,shared,Inverters: utility inverters,Brookshire,Texas,USA,29.766315,-95.908708,active,nameplate-capacity,9,GWac/year,2026-06-15,https://www.energy.gov/cmei/systems/articles/us-domestic-solar-photovoltaic-manufacturing-map-data,"DOE-reported annual nameplate capacity; not observed production, utilization, or domestic market supply."
tmeic-katy-texas,doe_pv_mfg_map_20260615,TMEIC,TMEIC,inverters,shared,Inverters: utility inverters,Katy,Texas,USA,29.831374,-95.81274,active,nameplate-capacity,,,2026-06-15,https://www.energy.gov/cmei/systems/articles/us-domestic-solar-photovoltaic-manufacturing-map-data,DOE reports 0 MWac/yr; this product is not sized against other facilities in the stage.
toyo-solar-humble-texas,doe_pv_mfg_map_20260615,Toyo Solar,Toyo Solar,modules,c-si,Modules: c-Si,Humble,Texas,USA,29.952558,-95.298233,active,nameplate-capacity,1,GWdc/year,2026-06-15,https://www.energy.gov/cmei/systems/articles/us-domestic-solar-photovoltaic-manufacturing-map-data,"DOE-reported annual nameplate capacity; not observed production, utilization, or domestic market supply."
unimacts-solar-manufacturing-las-vegas-nevada,doe_pv_mfg_map_20260615,Unimacts Solar Manufacturing,Unimacts Solar Manufacturing,structures,shared,S-BOS: tracker components,Las Vegas,Nevada,USA,36.104281,-115.197054,active,nameplate-capacity,,,2026-06-15,https://www.energy.gov/cmei/systems/articles/us-domestic-solar-photovoltaic-manufacturing-map-data,DOE reports 0 MWdc/yr; this product is not sized against other facilities in the stage.
unimacts-solar-manufacturing-origami-conroe-texas,doe_pv_mfg_map_20260615,Unimacts Solar Manufacturing (Origami),Unimacts Solar Manufacturing (Origami),modules,shared,Components: frames,Conroe,Texas,USA,30.343917,-95.453424,active,nameplate-capacity,,,2026-06-15,https://www.energy.gov/cmei/systems/articles/us-domestic-solar-photovoltaic-manufacturing-map-data,DOE reports 0 MWdc/yr; this product is not sized against other facilities in the stage.
unimacts-solar-manufacturing-sloan-nevada,doe_pv_mfg_map_20260615,Unimacts Solar Manufacturing,Unimacts Solar Manufacturing,structures,shared,S-BOS: torque tubes,Sloan,Nevada,USA,35.92862,-115.197208,active,nameplate-capacity,,,2026-06-15,https://www.energy.gov/cmei/systems/articles/us-domestic-solar-photovoltaic-manufacturing-map-data,DOE reports 0 MWdc/yr; this product is not sized against other facilities in the stage.
unirac-albuquerque-new-mexico,doe_pv_mfg_map_20260615,Unirac,Unirac,structures,shared,S-BOS: racking,Albuquerque,New Mexico,USA,35.097685,-106.64219,active,nameplate-capacity,,,2026-06-15,https://www.energy.gov/cmei/systems/articles/us-domestic-solar-photovoltaic-manufacturing-map-data,DOE reports 0 MWdc/yr; this product is not sized against other facilities in the stage.
us-modules-college-station-texas,doe_pv_mfg_map_20260615,US Modules,US Modules,modules,c-si,Modules: c-Si,College Station,Texas,USA,30.585414,-96.396424,active,nameplate-capacity,0.4,GWdc/year,2026-06-15,https://www.energy.gov/cmei/systems/articles/us-domestic-solar-photovoltaic-manufacturing-map-data,"DOE-reported annual nameplate capacity; not observed production, utilization, or domestic market supply."
vitro-architectural-glass-cochranton-pennsylvania,doe_pv_mfg_map_20260615,Vitro Architectural Glass,Vitro Architectural Glass,modules,shared,Components: solar glass,Cochranton,Pennsylvania,USA,41.531138,-80.205807,active,nameplate-capacity,,,2026-06-15,https://www.energy.gov/cmei/systems/articles/us-domestic-solar-photovoltaic-manufacturing-map-data,DOE reports 0 MWdc/yr; this product is not sized against other facilities in the stage.
waaree-energies-brookshire-texas,doe_pv_mfg_map_20260615,Waaree Energies,Waaree Energies,modules,c-si,Modules: c-Si,Brookshire,Texas,USA,29.751489,-95.926749,active,nameplate-capacity,1.6,GWdc/year,2026-06-15,https://www.energy.gov/cmei/systems/articles/us-domestic-solar-photovoltaic-manufacturing-map-data,"DOE-reported annual nameplate capacity; not observed production, utilization, or domestic market supply."
wacker-polysilicon-north-america-charleston-tennessee,doe_pv_mfg_map_20260615,Wacker Polysilicon North America,Wacker Polysilicon North America,silicon,c-si,Polysilicon: Siemens,Charleston,Tennessee,USA,35.290484,-84.78993,active,nameplate-capacity,19000,tonnes/year,2026-06-15,https://www.energy.gov/cmei/systems/articles/us-domestic-solar-photovoltaic-manufacturing-map-data,"DOE-reported annual nameplate capacity; not observed production, utilization, or domestic market supply."
welser-profiles-origami-valley-city-ohio,doe_pv_mfg_map_20260615,Welser Profiles (Origami),Welser Profiles (Origami),modules,shared,Components: frames,Valley City,Ohio,USA,41.258224,-81.889745,active,nameplate-capacity,,,2026-06-15,https://www.energy.gov/cmei/systems/articles/us-domestic-solar-photovoltaic-manufacturing-map-data,DOE reports 0 MWdc/yr; this product is not sized against other facilities in the stage.
wva-manufacturing-alloy-west-virginia,doe_pv_mfg_map_20260615,WVA Manufacturing,WVA Manufacturing,silicon,c-si,Silicon: silicon metal,Alloy,West Virginia,USA,38.138806,-81.278011,active,nameplate-capacity,73000,tonnes/year,2026-06-15,https://www.energy.gov/cmei/systems/articles/us-domestic-solar-photovoltaic-manufacturing-map-data,"DOE-reported annual nameplate capacity; not observed production, utilization, or domestic market supply."
yaskawa-america-buffalo-grove-illinois,doe_pv_mfg_map_20260615,Yaskawa America,Yaskawa America,inverters,shared,Inverters: utility inverters,Buffalo Grove,Illinois,USA,42.15588,-87.934859,active,nameplate-capacity,1.25,GWac/year,2026-06-15,https://www.energy.gov/cmei/systems/articles/us-domestic-solar-photovoltaic-manufacturing-map-data,"DOE-reported annual nameplate capacity; not observed production, utilization, or domestic market supply."
yaskawa-solectria-solar-franklin-wisconsin,doe_pv_mfg_map_20260615,Yaskawa Solectria Solar,Yaskawa Solectria Solar,inverters,shared,Inverters: utility inverters,Franklin,Wisconsin,USA,42.871455,-87.975109,active,nameplate-capacity,,,2026-06-15,https://www.energy.gov/cmei/systems/articles/us-domestic-solar-photovoltaic-manufacturing-map-data,DOE reports 0 MWac/yr; this product is not sized against other facilities in the stage.
